term_iri,comments,organized_in,abcd_equivalence
http://purl.org/dc/terms/type,"Examples: ""StillImage"", ""MovingImage"", ""Sound"", ""PhysicalObject"", ""Event"", ""Text"". For discussion see http://terms.tdwg.org/wiki/dwc:type",http://purl.org/dc/terms/,not in ABCD
http://purl.org/dc/terms/modified,"Examples: ""1963-03-08T14:07-0600"" is 8 Mar 1963 2:07pm in the time zone six hours earlier than UTC, ""2009-02-20T08:40Z"" is 20 Feb 2009 8:40am UTC, ""1809-02-12"" is 12 Feb 1809, ""1906-06"" is Jun 1906, ""1971"" is just that year, ""2007-03-01T13:00:00Z/2008-05-11T15:30:00Z"" is the interval between 1 Mar 2007 1pm UTC and 11 May 2008 3:30pm UTC, ""2007-11-13/15"" is the interval between 13 Nov 2007 and 15 Nov 2007. For discussion see http://terms.tdwg.org/wiki/dwc:modified",http://purl.org/dc/terms/,not in ABCD
http://purl.org/dc/terms/language,"Examples: ""en"" for English, ""es"" for Spanish. For discussion see http://terms.tdwg.org/wiki/dwc:language",http://purl.org/dc/terms/,not in ABCD
http://purl.org/dc/terms/license,"Examples: ""http://creativecommons.org/publicdomain/zero/1.0/legalcode"", ""http://creativecommons.org/licenses/by/4.0/legalcode"". For discussion see http://terms.tdwg.org/wiki/dwc:license",http://purl.org/dc/terms/,not in ABCD
http://purl.org/dc/terms/rightsHolder,"Example: ""The Regents of the University of California."". For discussion see http://terms.tdwg.org/wiki/dwc:rightsHolder",http://purl.org/dc/terms/,not in ABCD
http://purl.org/dc/terms/accessRights,"Example: ""not-for-profit use only"". For discussion see http://terms.tdwg.org/wiki/dwc:accessRights",http://purl.org/dc/terms/,not in ABCD
http://purl.org/dc/terms/bibliographicCitation,"Examples: ""Ctenomys sociabilis (MVZ 165861)"" for a specimen, ""Oliver P. Pearson. 1985. Los tuco-tucos (genera Ctenomys) de los Parques Nacionales Lanin y Nahuel Huapi, Argentina Historia Natural, 5(37):337-343."" for a Taxon. For discussion see http://terms.tdwg.org/wiki/dwc:bibliographicCitation",http://purl.org/dc/terms/,not in ABCD
http://purl.org/dc/terms/references,"Examples: ""http://mvzarctos.berkeley.edu/guid/MVZ:Mamm:165861""; ""http://www.catalogueoflife.org/annual-checklist/show_species_details.php?record_id=6197868"". For discussion see http://terms.tdwg.org/wiki/dwc:references",http://purl.org/dc/terms/,not in ABCD
http://rs.tdwg.org/dwc/terms/institutionID,"For physical specimens, the recommended best practice is to use an identifier from a collections registry such as the Global Registry of Biodiversity Repositories (http://grbio.org/). Examples: ""http://biocol.org/urn:lsid:biocol.org:col:34777"", ""http://grbio.org/cool/km06-gtbn"".",http://rs.tdwg.org/dwc/terms/,DataSets/DataSet/Units/Unit/SourceInstitutionID
http://rs.tdwg.org/dwc/terms/collectionID,"For physical specimens, the recommended best practice is to use an identifier from a collections registry such as the Global Registry of Biodiversity Repositories (http://grbio.org/). Examples: ""http://biocol.org/urn:lsid:biocol.org:col:1001"", ""http://grbio.org/cool/p5fp-c036"".",http://rs.tdwg.org/dwc/terms/,DataSets/DataSet/Units/Unit/SourceID
http://rs.tdwg.org/dwc/terms/datasetID,,http://rs.tdwg.org/dwc/terms/,DataSets/DataSet/DataSetGUID
http://rs.tdwg.org/dwc/terms/institutionCode,"Examples: ""MVZ"", ""FMNH"", ""AKN-CLO"", ""University of California Museum of Paleontology (UCMP)""",http://rs.tdwg.org/dwc/terms/,DataSets/DataSet/Units/Unit/SourceInstitutionID
http://rs.tdwg.org/dwc/terms/collectionCode,"Examples: ""Mammals"", ""Hildebrandt"", ""eBird""",http://rs.tdwg.org/dwc/terms/,DataSets/DataSet/Units/Unit/SourceID
http://rs.tdwg.org/dwc/terms/datasetName,"Examples: ""Grinnell Resurvey Mammals"", ""Lacey Ctenomys Recaptures""",http://rs.tdwg.org/dwc/terms/,DataSets/DataSet/Units/Unit/SourceID
http://rs.tdwg.org/dwc/terms/ownerInstitutionCode,"Examples: ""NPS"", ""APN"", ""InBio""",http://rs.tdwg.org/dwc/terms/,not in ABCD
http://rs.tdwg.org/dwc/terms/basisOfRecord,"Recommended best practice is to use a controlled vocabulary such as the list of Darwin Core classes. Examples: ""PreservedSpecimen"", ""FossilSpecimen"", ""LivingSpecimen"", ""HumanObservation"", ""MachineObservation""",http://rs.tdwg.org/dwc/terms/,DataSets/DataSet/Units/Unit/RecordBasis
http://rs.tdwg.org/dwc/terms/informationWithheld,"Examples: ""location information not given for endangered species"", ""collector identities withheld"", ""ask about tissue samples""",http://rs.tdwg.org/dwc/terms/,DataSets/DataSet/Units/Unit/InformationWithheld
http://rs.tdwg.org/dwc/terms/dataGeneralizations,"Example: ""Coordinates generalized from original GPS coordinates to the nearest half degree grid cell""",http://rs.tdwg.org/dwc/terms/,not in ABCD
http://rs.tdwg.org/dwc/terms/dynamicProperties,"The recommended best practice is to use a key:value encoding schema such as JSON. Examples: ""{""heightInMeters"":1.5}"", ""{""tragusLengthInMeters"":0.014, ""weightInGrams"":120}"", ""{""natureOfID"":""expert identification"", ""identificationEvidence"":""cytochrome B sequence""}"", ""{""relativeHumidity"":28, ""airTemperatureInCelcius"":22, ""sampleSizeInKilograms"":10}"", ""{""aspectHeading"":277, ""slopeInDegrees"":6}"", ""{""iucnStatus"":""vulnerable"", ""taxonDistribution"":""Neuquén, Argentina""}"".",http://rs.tdwg.org/dwc/terms/,not in ABCD
http://rs.tdwg.org/dwc/terms/Occurrence,Examples: A wolf pack on the shore of Kluane Lake in 1988. A virus in a plant leaf in a the New York Botanical Garden at 15:29 on 2014-10-23. A fungus in Central Park in the summer of 1929.,,DataSets/DataSet/Units/Unit
http://rs.tdwg.org/dwc/terms/occurrenceID,"For a specimen in the absence of a bona fide global unique identifier, for example, use the form: ""urn:catalog:[institutionCode]:[collectionCode]:[catalogNumber]. Examples: ""urn:lsid:nhm.ku.edu:Herps:32"", ""urn:catalog:FMNH:Mammal:145732""",http://rs.tdwg.org/dwc/terms/Occurrence,DataSets/DataSet/Units/Unit/UnitGUID
http://rs.tdwg.org/dwc/terms/catalogNumber,"Examples: ""2008.1334"", ""145732a"", ""145732""",http://rs.tdwg.org/dwc/terms/Occurrence,DataSets/DataSet/Units/Unit/UnitID
http://rs.tdwg.org/dwc/terms/recordNumber,"Example: ""OPP 7101""",http://rs.tdwg.org/dwc/terms/Occurrence,DataSets/DataSet/Units/Unit/CollectorsFieldNumber
http://rs.tdwg.org/dwc/terms/recordedBy,"The recommended best practice is to separate the values with a vertical bar (' | '). The primary collector or observer, especially one who applies a personal identifier (recordNumber), should be listed first. Examples: ""José E. Crespo"", ""Oliver P. Pearson | Anita K. Pearson"" where the value in recordNumber ""OPP 7101"" corresponds to the number for the specimen in the field catalog (collector number) of Oliver P. Pearson.",http://rs.tdwg.org/dwc/terms/Occurrence,DataSets/DataSet/Units/Unit/Gathering/GatheringAgents/GatheringAgentsText
http://rs.tdwg.org/dwc/terms/individualCount,"Examples: ""1"", ""25""",http://rs.tdwg.org/dwc/terms/Occurrence,DataSets/DataSet/Units/Unit/Gathering/SiteMeasurementsOrFacts/SiteMeasurementOrFact/MeasurementOrFactAtomised/LowerValue
http://rs.tdwg.org/dwc/terms/organismQuantity,"An organismQuantity must have a corresponding organismQuantityType, e.g., ""27"" for organismQuantity with ""individuals"" for organismQuantityType; ""12.5"" for organismQuantity with ""%biomass"" for organismQuantityType; ""r"" for organismQuantity with ""BraunBlanquetScale"" for organismQuantityType.",http://rs.tdwg.org/dwc/terms/Occurrence,not in ABCD
http://rs.tdwg.org/dwc/terms/organismQuantityType,"An organismQuantityType must have a corresponding organismQuantity, e.g., ""27"" for organismQuantity with ""individuals"" for organismQuantityType; ""12.5"" for organismQuantity with ""%biomass"" for organismQuantityType; ""r"" for organismQuantity with ""BraunBlanquetScale"" for organismQuantityType.",http://rs.tdwg.org/dwc/terms/Occurrence,not in ABCD
http://rs.tdwg.org/dwc/terms/sex,"Examples: ""female"", ""hermaphrodite"", ""8 males, 4 females""",http://rs.tdwg.org/dwc/terms/Occurrence,DataSets/DataSet/Units/Unit/Sex
http://rs.tdwg.org/dwc/terms/lifeStage,"Examples: ""egg"", ""eft"", ""juvenile"", ""adult"", ""2 adults 4 juveniles""",http://rs.tdwg.org/dwc/terms/Occurrence,"DataSets/DataSet/Units/Unit/MycologicalUnit/MycologicalSexualStage or DataSets/DataSet/Units/Unit/MycologicalUnit/MycologicalLiveStages/MycologicalLiveStage (Note DwC spec uses ""MycologicalLifeStage"" or DataSets/DataSet/Units/Unit/ZoologicalUnit/PhasesOrStages/PhaseOrStage"
http://rs.tdwg.org/dwc/terms/reproductiveCondition,"Examples"" ""non-reproductive"", ""pregnant"", ""in bloom"", ""fruit-bearing""",http://rs.tdwg.org/dwc/terms/Occurrence,not in ABCD
http://rs.tdwg.org/dwc/terms/behavior,"Examples: ""roosting"", ""foraging"", ""running""",http://rs.tdwg.org/dwc/terms/Occurrence,not in ABCD
http://rs.tdwg.org/dwc/terms/establishmentMeans,"Examples: ""native"", ""introduced"", ""naturalised"", ""invasive"", ""managed""",http://rs.tdwg.org/dwc/terms/Occurrence,DataSets/DataSet/Units/Unit/Gathering/EstablishmentMeans
http://rs.tdwg.org/dwc/terms/occurrenceStatus,"Examples: ""present"", ""absent""",http://rs.tdwg.org/dwc/terms/Occurrence,not in ABCD
http://rs.tdwg.org/dwc/terms/preparations,"The recommended best practice is to separate the values with a vertical bar (' | '). Examples: ""fossil"", ""cast"", ""photograph"", ""DNA extract"", ""skin | ""skull | skeleton"", ""whole animal (ETOH) | tissue (EDTA)"".",http://rs.tdwg.org/dwc/terms/Occurrence,DataSets/DataSet/Units/Unit/SpecimenUnit/Preparations/PreparationsText
http://rs.tdwg.org/dwc/terms/disposition,"Examples: ""in collection"", ""missing"", ""voucher elsewhere"", ""duplicates elsewhere""",http://rs.tdwg.org/dwc/terms/Occurrence,DataSets/DataSet/Units/Unit/SpecimenUnit/Disposition
http://rs.tdwg.org/dwc/terms/associatedMedia,"The recommended best practice is to separate the values with a vertical bar (' | '). Examples: ""http://arctos.database.museum/SpecimenImages/UAMObs/Mamm/2/P7291179.JPG"", ""http://204.140.246.24/Fish/Collection%20Pictures/10118-00.jpg | http://204.140.246.24/Fish/Collection%20Pictures/10118-00a.jpg"".",http://rs.tdwg.org/dwc/terms/Occurrence,DataSets/DataSet/Units/Unit/MultimediaObjects
http://rs.tdwg.org/dwc/terms/associatedReferences,"The recommended best practice is to separate the values with a vertical bar (' | '). Examples: ""http://www.sciencemag.org/cgi/content/abstract/322/5899/261"", ""Christopher J. Conroy, Jennifer L. Neuwald. 2008. Phylogeographic study of the California vole, Microtus californicus Journal of Mammalogy, 89(3):755-767."", ""Steven R. Hoofer and Ronald A. Van Den Bussche. 2001. Phylogenetic Relationships of Plecotine Bats and Allies Based on Mitochondrial Ribosomal Sequences. Journal of Mammalogy 82(1):131-137. | Walker, Faith M., Jeffrey T. Foster, Kevin P. Drees, Carol L. Chambers. 2014. Spotted bat (Euderma maculatum) microsatellite discovery using illumina sequencing. Conservation Genetics Resources."".",http://rs.tdwg.org/dwc/terms/Occurrence,DataSets/DataSet/Units/Unit/UnitReferences
http://rs.tdwg.org/dwc/terms/associatedSequences,"The recommended best practice is to separate the values with a vertical bar (' | '). Examples: ""http://www.ncbi.nlm.nih.gov/nuccore/U34853.1"", ""http://www.ncbi.nlm.nih.gov/nuccore/GU328060 | http://www.ncbi.nlm.nih.gov/nuccore/AF326093"".",http://rs.tdwg.org/dwc/terms/Occurrence,DataSets/DataSet/Units/Unit/Sequences/Sequence/ID-in-Database + constant
http://rs.tdwg.org/dwc/terms/associatedTaxa,"The recommended best practice is to separate the values with a vertical bar (' | '), and to separate the relationship from the taxon with a colon (':'). Examples: ""host: Quercus alba"", ""parasitoid of:Cyclocephala signaticollis | predator of Apis mellifera"".",http://rs.tdwg.org/dwc/terms/Occurrence,DataSets/DataSet/Units/Unit/Gathering/Synecology/AssociatedTaxa
http://rs.tdwg.org/dwc/terms/otherCatalogNumbers,"The recommended best practice is to separate the values with a vertical bar (' | '). Examples: ""FMNH:Mammal:1234"", ""NPS YELLO6778 | MBG 33424"".",http://rs.tdwg.org/dwc/terms/Occurrence,DataSets/DataSet/Units/Unit/SpecimenUnit/History/PreviousUnitsText
http://rs.tdwg.org/dwc/terms/occurrenceRemarks,"Example: ""found dead on road""",http://rs.tdwg.org/dwc/terms/Occurrence,DataSets/DataSet/Units/Unit/Notes
http://rs.tdwg.org/dwc/terms/Organism,"Instances of the Organism class are intended to facilitate linking of one or more Identification instances to one or more Occurrence instances. Therefore, things that are typically assigned scientific names (such as viruses, hybrids, and lichens) and aggregates whose occurrences are typically recorded (such as packs, clones, and colonies) are included in the scope of this class.",,not in ABCD
http://rs.tdwg.org/dwc/terms/organismID,,http://rs.tdwg.org/dwc/terms/Organism,not in ABCD
http://rs.tdwg.org/dwc/terms/organismName,"Examples: ""Huberta"", ""Boab Prison Tree"", ""J pod"".",http://rs.tdwg.org/dwc/terms/Organism,not in ABCD
http://rs.tdwg.org/dwc/terms/organismScope,"This term is not intended to be used to specify a type of taxon. To describe the kind of Organism using a URI object in RDF, use rdf:type (http://www.w3.org/1999/02/22-rdf-syntax-ns#type) instead. Examples: ""multicellular organism"", ""virus"", ""clone"" ""pack"", ""colony"".",http://rs.tdwg.org/dwc/terms/Organism,not in ABCD
http://rs.tdwg.org/dwc/terms/associatedOccurrences,The recommended best practice is to separate the values with a vertical bar (' | ').,http://rs.tdwg.org/dwc/terms/Organism,DataSets/DataSet/Units/Unit/Associations/UnitAssociation/AssociatedUnitSourceInstitutionCode + DataSets/DataSet/Units/Unit/Associations/UnitAssociation/AssociatedUnitSourceName + DataSets/DataSet/Units/Unit/Associations/UnitAssociation/AssociatedUnitID
http://rs.tdwg.org/dwc/terms/associatedOrganisms,"The recommended best practice is to separate the values with a vertical bar (' | '). Examples: ""sibling of MXA-232"", ""mother of MXA-231 | mother of MXA-232""",http://rs.tdwg.org/dwc/terms/Organism,not in ABCD
http://rs.tdwg.org/dwc/terms/previousIdentifications,"The recommended best practice is to separate the values with a vertical bar (' | '). Examples: ""Chalepidae"", ""Pinus abies"", ""Anthus sp., field ID by G. Iglesias | Anthus correndera, expert ID by C. Cicero 2009-02-12 based on morphology"".",http://rs.tdwg.org/dwc/terms/Organism,DataSets/DataSet/Units/Unit/Identifications/Identification with PreferredFlag = false
http://rs.tdwg.org/dwc/terms/organismRemarks,"Example: ""One of a litter of six.""",http://rs.tdwg.org/dwc/terms/Organism,not in ABCD
http://rs.tdwg.org/dwc/terms/MaterialSample,Examples: A whole organism preserved in a collection. A part of an organism isolated for some purpose. A soil sample. A marine microbial sample.,,DataSets/DataSet/Units/Unit
http://rs.tdwg.org/dwc/terms/materialSampleID,,http://rs.tdwg.org/dwc/terms/MaterialSample,not in ABCD
http://rs.tdwg.org/dwc/terms/LivingSpecimen,,,RecordBasisEnum/LivingSpecimen
http://rs.tdwg.org/dwc/terms/PreservedSpecimen,,,RecordBasisEnum/PreservedSpecimen
http://rs.tdwg.org/dwc/terms/FossilSpecimen,,,RecordBasisEnum/FossileSpecimen
http://rs.tdwg.org/dwc/terms/Event,Examples: A specimen collection process. A machine observation.,,DataSets/DataSet/Units/Unit/Gathering
http://rs.tdwg.org/dwc/terms/eventID,,http://rs.tdwg.org/dwc/terms/Event,DataSets/DataSet/Units/Unit/Gathering/Code
http://rs.tdwg.org/dwc/terms/parentEventID,"May be a globally unique identifier or an identifier specific to the data set. Example: ""A1"" as parentEventID to identify the main Whittaker Plot in nested samples, each with its own eventID (e.g., ""A1:1"", ""A1:2"").",http://rs.tdwg.org/dwc/terms/Event,not in ABCD
http://rs.tdwg.org/dwc/terms/fieldNumber,"Example: ""RV Sol 87-03-08""",http://rs.tdwg.org/dwc/terms/Event,DataSets/DataSet/Units/Unit/Gathering/Code
http://rs.tdwg.org/dwc/terms/eventDate,"Examples: ""1963-03-08T14:07-0600"" is 8 Mar 1963 2:07pm in the time zone six hours earlier than UTC, ""2009-02-20T08:40Z"" is 20 Feb 2009 8:40am UTC, ""1809-02-12"" is 12 Feb 1809, ""1906-06"" is Jun 1906, ""1971"" is just that year, ""2007-03-01T13:00:00Z/2008-05-11T15:30:00Z"" is the interval between 1 Mar 2007 1pm UTC and 11 May 2008 3:30pm UTC, ""2007-11-13/15"" is the interval between 13 Nov 2007 and 15 Nov 2007.",http://rs.tdwg.org/dwc/terms/Event,DataSets/DataSet/Units/Unit/Gathering/ISODateTimeBegin
http://rs.tdwg.org/dwc/terms/eventTime,"Examples: ""14:07-0600"" is 2:07pm in the time zone six hours earlier than UTC, ""08:40:21Z"" is 8:40:21am UTC, ""13:00:00Z/15:30:00Z"" is the interval between 1pm UTC and 3:30pm UTC.",http://rs.tdwg.org/dwc/terms/Event,accessible from DataSets/DataSet/Units/Unit/Gathering/ISODateTimeBegin and DataSets/DataSet/Units/Unit/Gathering/ISODateTimeEnd
http://rs.tdwg.org/dwc/terms/startDayOfYear,"Examples: ""1"" (=1 Jan), ""366"" (=31 Dec), ""365"" (=30 Dec in a leap year, 31 Dec in a non-leap year)",http://rs.tdwg.org/dwc/terms/Event,DataSets/DataSet/Units/Unit/Gathering/DateTime/DayNumberBegin
http://rs.tdwg.org/dwc/terms/endDayOfYear,"Examples: ""1"" (=1 Jan), ""366"" (=31 Dec), ""365"" (=30 Dec in a leap year, 31 Dec in a non-leap year)",http://rs.tdwg.org/dwc/terms/Event,DataSets/DataSet/Units/Unit/Gathering/DateTime/DayNumberEnd
http://rs.tdwg.org/dwc/terms/year,"Example: ""2008""",http://rs.tdwg.org/dwc/terms/Event,accessible from DataSets/DataSet/Units/Unit/Gathering/ISODateTimeBegin
http://rs.tdwg.org/dwc/terms/month,"Examples: ""1"" (=January), ""10"" (=October)",http://rs.tdwg.org/dwc/terms/Event,accessible from DataSets/DataSet/Units/Unit/Gathering/ISODateTimeBegin
http://rs.tdwg.org/dwc/terms/day,"Examples: ""9"", ""28""",http://rs.tdwg.org/dwc/terms/Event,accessible from DataSets/DataSet/Units/Unit/Gathering/ISODateTimeBegin
http://rs.tdwg.org/dwc/terms/verbatimEventDate,"Examples: ""spring 1910"", ""Marzo 2002"", ""1999-03-XX"", ""17IV1934""",http://rs.tdwg.org/dwc/terms/Event,DataSets/DataSet/Units/Unit/Gathering/DateTime/DateText
http://rs.tdwg.org/dwc/terms/habitat,"Examples: ""oak savanna"", ""pre-cordilleran steppe""",http://rs.tdwg.org/dwc/terms/Event,DataSets/DataSet/Units/Unit/Gathering/Biotope/Text
http://rs.tdwg.org/dwc/terms/samplingProtocol,"Examples: ""UV light trap"", ""mist net"", ""bottom trawl"", ""ad hoc observation"", ""point count"", ""Penguins from space: faecal stains reveal the location of emperor penguin colonies, http://dx.doi.org/10.1111/j.1466-8238.2009.00467.x"", ""Takats et al. 2001. Guidelines for Nocturnal Owl Monitoring in North America. Beaverhill Bird Observatory and Bird Studies Canada, Edmonton, Alberta. 32 pp."", ""http://www.bsc-eoc.org/download/Owl.pdf""",http://rs.tdwg.org/dwc/terms/Event,DataSets/DataSet/Units/Unit/Gathering/Method
http://rs.tdwg.org/dwc/terms/sampleSizeValue,"A sampleSizeValue must have a corresponding sampleSizeUnit. Example: ""5"" for sampleSizeValue with ""metre"" for sampleSizeUnit.",http://rs.tdwg.org/dwc/terms/Event,not in ABCD
http://rs.tdwg.org/dwc/terms/sampleSizeUnit,"A sampleSizeUnit must have a corresponding sampleSizeValue, e.g., ""5"" for sampleSizeValue with ""metre"" for sampleSizeUnit. Examples: ""minute"", ""hour"", ""day"", ""metre"", ""square metre"", ""cubic metre"". Recommended best practice is to use a controlled vocabulary such as the Ontology of Units of Measure http://www.wurvoc.org/vocabularies/om-1.8/ of SI units, derived units, or other non-SI units accepted for use within the SI (e.g., minute, hour, day, litre).",http://rs.tdwg.org/dwc/terms/Event,not in ABCD
http://rs.tdwg.org/dwc/terms/samplingEffort,"Examples: ""40 trap-nights"", ""10 observer-hours; 10 km by foot; 30 km by car""",http://rs.tdwg.org/dwc/terms/Event,not in ABCD
http://rs.tdwg.org/dwc/terms/fieldNotes,"Example: ""notes available in Grinnell-Miller Library""",http://rs.tdwg.org/dwc/terms/Event,DataSets/DataSet/Units/Unit/FieldNotes
http://rs.tdwg.org/dwc/terms/eventRemarks,"Example: ""after the recent rains the river is nearly at flood stage""",http://rs.tdwg.org/dwc/terms/Event,DataSets/DataSet/Units/Unit/Gathering/Notes
http://rs.tdwg.org/dwc/terms/HumanObservation,,,RecordBasisEnum/HumanObservation
http://rs.tdwg.org/dwc/terms/MachineObservation,,,RecordBasisEnum/MachineObservation
http://purl.org/dc/terms/Location,,http://purl.org/dc/terms/,not in ABCD
http://rs.tdwg.org/dwc/terms/locationID,,http://purl.org/dc/terms/Location,not in ABCD
http://rs.tdwg.org/dwc/terms/higherGeographyID,"Example: ""TGN: 1002002"" for Prov. Tierra del Fuego, Argentina",http://purl.org/dc/terms/Location,not in ABCD
http://rs.tdwg.org/dwc/terms/higherGeography,"The recommended best practice is to separate the values with a vertical bar (' | '), with terms in order from least specific to most specific. Examples: ""North Atlantic Ocean"", ""South America | Argentina | Patagonia | Parque Nacional Nahuel Huapi | Neuquén | Los Lagos"" with accompanying values ""South America"" in Continent, ""Argentina"" in Country, ""Neuquén"" in StateProvince, and ""Los Lagos"" in County.",http://purl.org/dc/terms/Location,{DataSets/DataSet/Units/Unit/Gathering/LocalityText or DataSets/DataSet/Units/Unit/Gathering/NamedAreas/NamedArea/AreaName}
http://rs.tdwg.org/dwc/terms/continent,"Examples: ""Africa"", ""Antarctica"", ""Asia"", ""Europe"", ""North America"", ""Oceania"", ""South America""",http://purl.org/dc/terms/Location,DataSets/DataSet/Units/Unit/Gathering/NamedAreas/NamedArea/AreaName with NamedAreas/NamedArea/AreaClass= Continent
http://rs.tdwg.org/dwc/terms/waterBody,"Examples: ""Indian Ocean"", ""Baltic Sea"", ""Hudson River""",http://purl.org/dc/terms/Location,DataSets/DataSet/Units/Unit/Gathering/NamedAreas/NamedArea/AreaName with NamedAreas/NamedArea/AreaClass= Water body
http://rs.tdwg.org/dwc/terms/islandGroup,"Examples: ""Alexander Archipelago"", ""Seychelles""",http://purl.org/dc/terms/Location,DataSets/DataSet/Units/Unit/Gathering/NamedAreas/NamedArea/AreaName with NamedAreas/NamedArea/AreaClass= Island group
http://rs.tdwg.org/dwc/terms/island,"Examples: ""Isla Victoria"", ""Vancouver"", ""Viti Levu"", ""Zanzibar""",http://purl.org/dc/terms/Location,DataSets/DataSet/Units/Unit/Gathering/NamedAreas/NamedArea/AreaName with NamedAreas/NamedArea/AreaClass= Island
http://rs.tdwg.org/dwc/terms/country,"Examples: ""Denmark"", ""Colombia"", ""España""",http://purl.org/dc/terms/Location,DataSets/DataSet/Units/Unit/Gathering/Country/Name
http://rs.tdwg.org/dwc/terms/countryCode,"Examples: ""AR"" for Argentina, ""SV"" for El Salvador",http://purl.org/dc/terms/Location,DataSets/DataSet/Units/Unit/Gathering/Country/ISO3166Code
http://rs.tdwg.org/dwc/terms/stateProvince,"Examples: ""Montana"", ""Minas Gerais"", ""Córdoba""",http://purl.org/dc/terms/Location,DataSets/DataSet/Units/Unit/Gathering/NamedAreas/NamedArea/AreaName with NamedAreas/NamedArea/AreaClass= State or = Province (etc.)
http://rs.tdwg.org/dwc/terms/county,"Examples: ""Missoula"", ""Los Lagos"", ""Mataró""",http://purl.org/dc/terms/Location,DataSets/DataSet/Units/Unit/Gathering/NamedAreas/NamedArea/AreaName with NamedAreas/NamedArea/AreaClass= County
http://rs.tdwg.org/dwc/terms/municipality,"Examples: ""Holzminden""",http://purl.org/dc/terms/Location,DataSets/DataSet/Units/Unit/Gathering/NamedAreas/NamedArea/AreaName
http://rs.tdwg.org/dwc/terms/locality,"Example: ""Bariloche, 25 km NNE via Ruta Nacional 40 (=Ruta 237)""",http://purl.org/dc/terms/Location,DataSets/DataSet/Units/Unit/Gathering/NamedAreas/NamedArea/AreaName
http://rs.tdwg.org/dwc/terms/verbatimLocality,"Example: ""25 km NNE Bariloche por R. Nac. 237""",http://purl.org/dc/terms/Location,DataSets/DataSet/Units/Unit/Gathering/NamedAreas/NamedArea/AreaName
http://rs.tdwg.org/dwc/terms/minimumElevationInMeters,"Example: ""100""",http://purl.org/dc/terms/Location,DataSets/DataSet/Units/Unit/Gathering/Altitude/MeasurementOrFactAtomised/LowerValue
http://rs.tdwg.org/dwc/terms/maximumElevationInMeters,"Example: ""200""",http://purl.org/dc/terms/Location,DataSets/DataSet/Units/Unit/Gathering/Altitude/MeasurementOrFactAtomised/UpperValue
http://rs.tdwg.org/dwc/terms/verbatimElevation,"Example: ""100-200 m""",http://purl.org/dc/terms/Location,DataSets/DataSet/Units/Unit/Gathering/Altitude/MeasurementOrFactText
http://rs.tdwg.org/dwc/terms/minimumDepthInMeters,"Example: ""100""",http://purl.org/dc/terms/Location,DataSets/DataSet/Units/Unit/Gathering/Depth/MeasurementOrFactAtomised/LowerValue
http://rs.tdwg.org/dwc/terms/maximumDepthInMeters,"Example: ""200""",http://purl.org/dc/terms/Location,DataSets/DataSet/Units/Unit/Gathering/Depth/MeasurementOrFactAtomised/UpperValue
http://rs.tdwg.org/dwc/terms/verbatimDepth,"Example: ""100-200 m""",http://purl.org/dc/terms/Location,DataSets/DataSet/Units/Unit/Gathering/Depth/MeasurementOrFactText
http://rs.tdwg.org/dwc/terms/minimumDistanceAboveSurfaceInMeters,"Example: 1.5 meter sediment core from the bottom of a lake (at depth 20m) at 300m elevation; VerbatimElevation: ""300m"" MinimumElevationInMeters: ""300"", MaximumElevationInMeters: ""300"", VerbatimDepth: ""20m"", MinimumDepthInMeters: ""20"", MaximumDepthInMeters: ""20"", minimumDistanceAboveSurfaceInMeters: ""0"", maximumDistanceAboveSurfaceInMeters: ""-1.5""",http://purl.org/dc/terms/Location,DataSets/DataSet/Units/Unit/Gathering/Height/MeasurementOrFactAtomised/LowerValue
http://rs.tdwg.org/dwc/terms/maximumDistanceAboveSurfaceInMeters,"Example: 1.5 meter sediment core from the bottom of a lake (at depth 20m) at 300m elevation; VerbatimElevation: ""300m"" MinimumElevationInMeters: ""300"", MaximumElevationInMeters: ""300"", VerbatimDepth: ""20m"", MinimumDepthInMeters: ""20"", MaximumDepthInMeters: ""20"", minimumDistanceAboveSurfaceInMeters: ""0"", maximumDistanceAboveSurfaceInMeters: ""-1.5""",http://purl.org/dc/terms/Location,DataSets/DataSet/Units/Unit/Gathering/Height/MeasurementOrFactAtomised/UpperValue
http://rs.tdwg.org/dwc/terms/locationAccordingTo,"Examples: ""Getty Thesaurus of Geographic Names"", ""GADM""",http://purl.org/dc/terms/Location,not in ABCD
http://rs.tdwg.org/dwc/terms/locationRemarks,"Example: ""under water since 2005""",http://purl.org/dc/terms/Location,DataSets/DataSet/Units/Unit/Gathering/AreaDetail
http://rs.tdwg.org/dwc/terms/decimalLatitude,"Example: ""-41.0983423""",http://purl.org/dc/terms/Location,DataSets/DataSet/Units/Unit/Gathering/SiteCoordinateSets/SiteCoordinates/CoordinatesLatLon/LatitudeDecimal
http://rs.tdwg.org/dwc/terms/decimalLongitude,"Example: ""-121.1761111""",http://purl.org/dc/terms/Location,DataSets/DataSet/Units/Unit/Gathering/SiteCoordinateSets/SiteCoordinates/CoordinatesLatLon/LongitudeDecimal
http://rs.tdwg.org/dwc/terms/geodeticDatum,"Examples: ""EPSG:4326"", ""WGS84"", ""NAD27"", ""Campo Inchauspe"", ""European 1950"", ""Clarke 1866""",http://purl.org/dc/terms/Location,DataSets/DataSet/Units/Unit/Gathering/SiteCoordinateSets/SiteCoordinates/CoordinatesLatLon/SpatialDatum
http://rs.tdwg.org/dwc/terms/coordinateUncertaintyInMeters,"Examples: ""30"" (reasonable lower limit of a GPS reading under good conditions if the actual precision was not recorded at the time), ""71"" (uncertainty for a UTM coordinate having 100 meter precision and a known spatial reference system).",http://purl.org/dc/terms/Location,DataSets/DataSet/Units/Unit/Gathering/SiteCoordinateSets/SiteCoordinates/CoordinatesLatLon/CoordinateErrorDistanceInMeters
http://rs.tdwg.org/dwc/terms/coordinatePrecision,"Examples: ""0.00001"" (normal GPS limit for decimal degrees), ""0.000278"" (nearest second), ""0.01667"" (nearest minute), ""1.0"" (nearest degree)",http://purl.org/dc/terms/Location,DataSets/DataSet/Units/Unit/Gathering/SiteCoordinateSets/SiteCoordinates/CoordinatesLatLong/ISOAccuracy or DataSets/DataSet/Units/Unit/Gathering/SiteCoordinateSets/SiteCoordinates/CoordinatesLatLong/AccuracyStatement
http://rs.tdwg.org/dwc/terms/pointRadiusSpatialFit,"Detailed explanations with graphical examples can be found in the ""Guide to Best Practices for Georeferencing"", Chapman and Wieczorek, eds. 2006.",http://purl.org/dc/terms/Location,DataSets/DataSet/Units/Unit/Gathering/SiteCoordinateSets/SiteCoordinates/PointRadiusSpatialFit
http://rs.tdwg.org/dwc/terms/verbatimCoordinates,"Examples: ""41 05 54S 121 05 34W"", ""17T 630000 4833400""",http://purl.org/dc/terms/Location,{DataSets/DataSet/Units/Unit/Gathering/SiteCoordinateSets/SiteCoordinates/CoordinatesLatLon/CoordinatesText or DataSets/DataSet/Units/Unit/Gathering/SiteCoordinateSets/SiteCoordinates/CoordinatesUTM/UTMText}
http://rs.tdwg.org/dwc/terms/verbatimLatitude,"Example: ""41 05 54.03S""",http://purl.org/dc/terms/Location,DataSets/DataSet/Units/Unit/Gathering/SiteCoordinateSets/SiteCoordinates/CoordinatesLatLon/VerbatimLatitude
http://rs.tdwg.org/dwc/terms/verbatimLongitude,"Example: ""121d 10' 34"" W""",http://purl.org/dc/terms/Location,DataSets/DataSet/Units/Unit/Gathering/SiteCoordinateSets/SiteCoordinates/CoordinatesLatLon/VerbatimLongitude
http://rs.tdwg.org/dwc/terms/verbatimCoordinateSystem,"Examples: ""decimal degrees"", ""degrees decimal minutes"", ""degrees minutes seconds"", ""UTM""",http://purl.org/dc/terms/Location,(partly) DataSets/DataSet/Units/Unit/Gathering/SiteCoordinateSets/SiteCoordinates/CoordinatesGrid/GridCellSystem
http://rs.tdwg.org/dwc/terms/verbatimSRS,"Examples: ""EPSG:4326"", ""WGS84"", ""NAD27"", ""Campo Inchauspe"", ""European 1950"", ""Clarke 1866""",http://purl.org/dc/terms/Location,not in ABCD
http://rs.tdwg.org/dwc/terms/footprintWKT,"Example: the one-degree bounding box with opposite corners at (longitude=10, latitude=20) and (longitude=11, latitude=21) would be expressed in well-known text as POLYGON ((10 20, 11 20, 11 21, 10 21, 10 20))",http://purl.org/dc/terms/Location,DataSets/DataSet/Units/Unit/Gathering/FootprintWKT (ABCD v2.06b)
http://rs.tdwg.org/dwc/terms/footprintSRS,"Example: The WKT for the standard WGS84 SRS (EPSG:4326) is ""GEOGCS[""GCS_WGS_1984"",DATUM[""D_WGS_1984"",SPHEROID[""WGS_1984"",6378137,298.257223563]],PRIMEM[""Greenwich"",0],UNIT[""Degree"",0.0174532925199433]]"" without the enclosing quotes.",http://purl.org/dc/terms/Location,not in ABCD
http://rs.tdwg.org/dwc/terms/footprintSpatialFit,"Detailed explanations with graphical examples can be found in the ""Guide to Best Practices for Georeferencing"", Chapman and Wieczorek, eds. 2006.",http://purl.org/dc/terms/Location,DataSets/DataSet/Units/Unit/Gathering/FootprintSpatialFit (ABCD v2.06b)
http://rs.tdwg.org/dwc/terms/georeferencedBy,"The recommended best practice is to separate the values with a vertical bar (' | '). Examples: ""Brad Millen (ROM)"", ""Kristina Yamamoto (MVZ) | Janet Fang (MVZ)"".",http://purl.org/dc/terms/Location,not in ABCD
http://rs.tdwg.org/dwc/terms/georeferencedDate,"Examples: ""1963-03-08T14:07-0600"" is 8 Mar 1963 2:07pm in the time zone six hours earlier than UTC, ""2009-02-20T08:40Z"" is 20 Feb 2009 8:40am UTC, ""1809-02-12"" is 12 Feb 1809, ""1906-06"" is Jun 1906, ""1971"" is just that year, ""2007-03-01T13:00:00Z/2008-05-11T15:30:00Z"" is the interval between 1 Mar 2007 1pm UTC and 11 May 2008 3:30pm UTC, ""2007-11-13/15"" is the interval between 13 Nov 2007 and 15 Nov 2007.",http://purl.org/dc/terms/Location,not in ABCD
http://rs.tdwg.org/dwc/terms/georeferenceProtocol,"Examples: ""Guide to Best Practices for Georeferencing. (Chapman and Wieczorek, eds. 2006). Global Biodiversity Information Facility."", ""MaNIS/HerpNet/ORNIS Georeferencing Guidelines"", ""Georeferencing Quick Reference Guide""",http://purl.org/dc/terms/Location,DataSets/DataSet/Units/Unit/Gathering/SiteCoordinateSets/SiteCoordinates/CoordinateMethod
http://rs.tdwg.org/dwc/terms/georeferenceSources,"The recommended best practice is to separate the values with a vertical bar (' | '). Examples: ""GeoLocate"", ""USGS 1:24000 Florence Montana Quad | Terrametrics 2008 on Google Earth"".",http://purl.org/dc/terms/Location,DataSets/DataSet/Units/Unit/Gathering/SiteCoordinateSets/SiteCoordinates/GeoreferenceSources
http://rs.tdwg.org/dwc/terms/georeferenceVerificationStatus,"Examples: ""requires verification"", ""verified by collector"", ""verified by curator"".",http://purl.org/dc/terms/Location,DataSets/DataSet/Units/Unit/Gathering/SiteCoordinateSets/SiteCoordinates/GeoreferenceVerificationStatus
http://rs.tdwg.org/dwc/terms/georeferenceRemarks,"Example: ""assumed distance by road (Hwy. 101)""",http://purl.org/dc/terms/Location,DataSets/DataSet/Units/Unit/Gathering/SiteCoordinateSets/SiteCoordinates/GeoreferenceRemarks
http://rs.tdwg.org/dwc/terms/GeologicalContext,Example: A lithostratigraphic layer.,,DataSets/DataSet/Units/Unit/Gathering/Stratigraphy
http://rs.tdwg.org/dwc/terms/geologicalContextID,,http://rs.tdwg.org/dwc/terms/GeologicalContext,not in ABCD
http://rs.tdwg.org/dwc/terms/earliestEonOrLowestEonothem,"Examples: ""Phanerozoic"", ""Proterozoic""",http://rs.tdwg.org/dwc/terms/GeologicalContext,not in ABCD
http://rs.tdwg.org/dwc/terms/latestEonOrHighestEonothem,"Examples: ""Phanerozoic"", ""Proterozoic""",http://rs.tdwg.org/dwc/terms/GeologicalContext,not in ABCD
http://rs.tdwg.org/dwc/terms/earliestEraOrLowestErathem,"Examples: ""Cenozoic"", ""Mesozoic""",http://rs.tdwg.org/dwc/terms/GeologicalContext,not in ABCD
http://rs.tdwg.org/dwc/terms/latestEraOrHighestErathem,"Examples: ""Cenozoic"", ""Mesozoic""",http://rs.tdwg.org/dwc/terms/GeologicalContext,not in ABCD
http://rs.tdwg.org/dwc/terms/earliestPeriodOrLowestSystem,"Examples: ""Neogene"", ""Tertiary"", ""Quaternary""",http://rs.tdwg.org/dwc/terms/GeologicalContext,not in ABCD
http://rs.tdwg.org/dwc/terms/latestPeriodOrHighestSystem,"Examples: ""Neogene"", ""Tertiary"", ""Quaternary""",http://rs.tdwg.org/dwc/terms/GeologicalContext,not in ABCD
http://rs.tdwg.org/dwc/terms/earliestEpochOrLowestSeries,"Examples: ""Holocene"", ""Pleistocene"", ""Ibexian Series""",http://rs.tdwg.org/dwc/terms/GeologicalContext,not in ABCD
http://rs.tdwg.org/dwc/terms/latestEpochOrHighestSeries,"Examples: ""Holocene"", ""Pleistocene"", ""Ibexian Series""",http://rs.tdwg.org/dwc/terms/GeologicalContext,not in ABCD
http://rs.tdwg.org/dwc/terms/earliestAgeOrLowestStage,"Examples: ""Atlantic"", ""Boreal"", ""Skullrockian""",http://rs.tdwg.org/dwc/terms/GeologicalContext,not in ABCD
http://rs.tdwg.org/dwc/terms/latestAgeOrHighestStage,"Examples: ""Atlantic"", ""Boreal"", ""Skullrockian""",http://rs.tdwg.org/dwc/terms/GeologicalContext,not in ABCD
http://rs.tdwg.org/dwc/terms/lowestBiostratigraphicZone,,http://rs.tdwg.org/dwc/terms/GeologicalContext,not in ABCD
http://rs.tdwg.org/dwc/terms/highestBiostratigraphicZone,,http://rs.tdwg.org/dwc/terms/GeologicalContext,not in ABCD
http://rs.tdwg.org/dwc/terms/lithostratigraphicTerms,,http://rs.tdwg.org/dwc/terms/GeologicalContext,DataSets/DataSet/Units/Unit/Gathering/Stratigraphy/LithostratigraphicTerms
http://rs.tdwg.org/dwc/terms/group,,http://rs.tdwg.org/dwc/terms/GeologicalContext,not in ABCD
http://rs.tdwg.org/dwc/terms/formation,"Examples: ""Notch Peak Fromation"", ""House Limestone"", ""Fillmore Formation""",http://rs.tdwg.org/dwc/terms/GeologicalContext,not in ABCD
http://rs.tdwg.org/dwc/terms/member,"Examples: ""Lava Dam Member"", ""Hellnmaria Member""",http://rs.tdwg.org/dwc/terms/GeologicalContext,not in ABCD
http://rs.tdwg.org/dwc/terms/bed,,http://rs.tdwg.org/dwc/terms/GeologicalContext,not in ABCD
http://rs.tdwg.org/dwc/terms/Identification,Example: A subspecies determination of an organism.,,DataSets/DataSet/Units/Unit/Identifications/Identification
http://rs.tdwg.org/dwc/terms/identificationID,,http://rs.tdwg.org/dwc/terms/Identification,not in ABCD
http://rs.tdwg.org/dwc/terms/identificationQualifier,"Examples: 1) For the determination ""Quercus aff. agrifolia var. oxyadenia"", identificationQualifier would be ""aff. agrifolia var. oxyadenia"" with accompanying values ""Quercus"" in genus, ""agrifolia"" in specificEpithet, ""oxyadenia"" in infraspecificEpithet, and ""var."" in rank. 2) For the determination ""Quercus agrifolia cf. var. oxyadenia"", identificationQualifier would be ""cf. var. oxyadenia "" with accompanying values ""Quercus"" in genus, ""agrifolia"" in specificEpithet, ""oxyadenia"" in infraspecificEpithet, and ""var."" in rank.",http://rs.tdwg.org/dwc/terms/Identification,DataSets/DataSet/Units/Unit/Identifications/Identification/TaxonIdentified/IdentificationQualifier
http://rs.tdwg.org/dwc/terms/typeStatus,"The recommended best practice is to separate the values with a vertical bar (' | '). Examples: ""holotype of Ctenomys sociabilis. Pearson O. P., and M. I. Christie. 1985. Historia Natural, 5(37):388"", ""holotype of Pinus abies | holotype of Picea abies"".",http://rs.tdwg.org/dwc/terms/Identification,DataSets/DataSet/Units/Unit/SpecimenUnit/NomenclaturalTypeDesignations/NomenclaturalTypeText
http://rs.tdwg.org/dwc/terms/identifiedBy,"The recommended best practice is to separate the values with a vertical bar (' | '). Examples: ""James L. Patton"", ""Theodore Pappenfuss | Robert Macey"".",http://rs.tdwg.org/dwc/terms/Identification,DataSets/DataSet/Units/Unit/Identifications/Identification/Identifiers/IdentifiersText
http://rs.tdwg.org/dwc/terms/dateIdentified,"Examples: ""1963-03-08T14:07-0600"" is 8 Mar 1963 2:07pm in the time zone six hours earlier than UTC, ""2009-02-20T08:40Z"" is 20 Feb 2009 8:40am UTC, ""1809-02-12"" is 12 Feb 1809, ""1906-06"" is Jun 1906, ""1971"" is just that year, ""2007-03-01T13:00:00Z/2008-05-11T15:30:00Z"" is the interval between 1 Mar 2007 1pm UTC and 11 May 2008 3:30pm UTC, ""2007-11-13/15"" is the interval between 13 Nov 2007 and 15 Nov 2007.",http://rs.tdwg.org/dwc/terms/Identification,DataSets/DataSet/Units/Unit/Identifications/Identification/Date/DateText
http://rs.tdwg.org/dwc/terms/identificationReferences,"The recommended best practice is to separate the values with a vertical bar (' | '). Examples: ""Aves del Noroeste Patagonico. Christie et al. 2004."", ""Stebbins, R. Field Guide to Western Reptiles and Amphibians. 3rd Edition. 2003. | Irschick, D.J. and Shaffer, H.B. (1997). ''The polytypic species revisited: Morphological differentiation among tiger salamanders (Ambystoma tigrinum) (Amphibia: Caudata).'' Herpetologica, 53(1), 30-49."".",http://rs.tdwg.org/dwc/terms/Identification,DataSets/DataSet/Units/Unit/Identifications/Identification/References
http://rs.tdwg.org/dwc/terms/identificationVerificationStatus,"Examples: ""0"", ""4""",http://rs.tdwg.org/dwc/terms/Identification,not in ABCD
http://rs.tdwg.org/dwc/terms/identificationRemarks,"Example: ""Distinguished between Anthus correndera and Anthus hellmayri based on the comparative lengths of the uñas.""",http://rs.tdwg.org/dwc/terms/Identification,DataSets/DataSet/Units/Unit/Identifications/Identification/Notes
http://rs.tdwg.org/dwc/terms/Taxon,Example: The genus Truncorotaloides as published by Brönnimann et al. in 1953 in the Journal of Paleontology Vol. 27(6) p. 817-820.,,no simple equivalent in ABCD
http://rs.tdwg.org/dwc/terms/taxonID,"Examples: ""8fa58e08-08de-4ac1-b69c-1235340b7001"", ""32567"", ""http://species.gbif.org/abies_alba_1753"", ""urn:lsid:gbif.org:usages:32567""",http://rs.tdwg.org/dwc/terms/Taxon,not in ABCD
http://rs.tdwg.org/dwc/terms/scientificNameID,"Example: ""urn:lsid:ipni.org:names:37829-1:1.3""",http://rs.tdwg.org/dwc/terms/Taxon,not in ABCD
http://rs.tdwg.org/dwc/terms/acceptedNameUsageID,"Example: ""8fa58e08-08de-4ac1-b69c-1235340b7001""",http://rs.tdwg.org/dwc/terms/Taxon,not in ABCD
http://rs.tdwg.org/dwc/terms/parentNameUsageID,"Example: ""8fa58e08-08de-4ac1-b69c-1235340b7001""",http://rs.tdwg.org/dwc/terms/Taxon,not in ABCD
http://rs.tdwg.org/dwc/terms/originalNameUsageID,"Example: ""http://species.gbif.org/abies_alba_1753""",http://rs.tdwg.org/dwc/terms/Taxon,not in ABCD
http://rs.tdwg.org/dwc/terms/nameAccordingToID,"Example: ""doi:10.1016/S0269-915X(97)80026-2""",http://rs.tdwg.org/dwc/terms/Taxon,not in ABCD
http://rs.tdwg.org/dwc/terms/namePublishedInID,"Example: ""http://hdl.handle.net/10199/7""",http://rs.tdwg.org/dwc/terms/Taxon,not in ABCD
http://rs.tdwg.org/dwc/terms/taxonConceptID,"Example: ""8fa58e08-08de-4ac1-b69c-1235340b7001""",http://rs.tdwg.org/dwc/terms/Taxon,not in ABCD
http://rs.tdwg.org/dwc/terms/scientificName,"Examples: ""Coleoptera"" (order), ""Vespertilionidae"" (family), ""Manis"" (genus), ""Ctenomys sociabilis"" (genus + specificEpithet), ""Ambystoma tigrinum diaboli"" (genus + specificEpithet + infraspecificEpithet), ""Roptrocerus typographi (Györfi, 1952)"" (genus + specificEpithet + scientificNameAuthorship), ""Quercus agrifolia var. oxyadenia (Torr.) J.T. Howell"" (genus + specificEpithet + taxonRank + infraspecificEpithet + scientificNameAuthorship)",http://rs.tdwg.org/dwc/terms/Taxon,DataSets/DataSet/Units/Unit/Identifications/Identification/TaxonIdentified/ScientificName/FullScientificNameString
http://rs.tdwg.org/dwc/terms/acceptedNameUsage,"Example: ""Tamias minimus"" valid name for ""Eutamias minimus""",http://rs.tdwg.org/dwc/terms/Taxon,not in ABCD
http://rs.tdwg.org/dwc/terms/parentNameUsage,"Examples: ""Rubiaceae"", ""Gruiformes"", ""Testudinae""",http://rs.tdwg.org/dwc/terms/Taxon,DataSets/DataSet/Units/Unit/Identifications/Identification/TaxonIdentified/HigherTaxa/HigherTaxon/HigherTaxonName
http://rs.tdwg.org/dwc/terms/originalNameUsage,"Examples: ""Pinus abies"", ""Gasterosteus saltatrix Linnaeus 1768""",http://rs.tdwg.org/dwc/terms/Taxon,not in ABCD
http://rs.tdwg.org/dwc/terms/nameAccordingTo,"Example: ""McCranie, J. R., D. B. Wake, and L. D. Wilson. 1996. The taxonomic status of Bolitoglossa schmidti, with comments on the biology of the Mesoamerican salamander Bolitoglossa dofleini (Caudata: Plethodontidae). Carib. J. Sci. 32:395-398."", ""Werner Greuter 2008"", ""Lilljeborg 1861, Upsala Univ. Arsskrift, Math. Naturvet., pp. 4, 5""",http://rs.tdwg.org/dwc/terms/Taxon,not in ABCD
http://rs.tdwg.org/dwc/terms/namePublishedIn,"Examples: ""Pearson O. P., and M. I. Christie. 1985. Historia Natural, 5(37):388"", ""Forel, Auguste, Diagnosies provisoires de quelques espèces nouvelles de fourmis de Madagascar, récoltées par M. Grandidier., Annales de la Societe Entomologique de Belgique, Comptes-rendus des Seances 30, 1886""",http://rs.tdwg.org/dwc/terms/Taxon,DataSets/DataSet/Units/Unit/SpecimenUnit/NomenclaturalTypeDesignations/NomenclaturalTypeDesignation/NomenclaturalReference/TitleCitation
http://rs.tdwg.org/dwc/terms/namePublishedInYear,"Examples: ""1915"", ""2008""",http://rs.tdwg.org/dwc/terms/Taxon,not in ABCD
http://rs.tdwg.org/dwc/terms/higherClassification,"The recommended best practice is to separate the values with a vertical bar (' | '), with terms in order from the highest taxonomic rank to the lowest. Examples: ""Animalia"", ""Animalia | Chordata | Vertebrata | Mammalia | Theria | Eutheria | Rodentia | Hystricognatha | Hystricognathi | Ctenomyidae | Ctenomyini | Ctenomys"".",http://rs.tdwg.org/dwc/terms/Taxon,not in ABCD
http://rs.tdwg.org/dwc/terms/kingdom,"Examples: ""Animalia"", ""Plantae""",http://rs.tdwg.org/dwc/terms/Taxon,DataSets/DataSet/Units/Unit/Identifications/Identification/TaxonIdentified/HigherTaxa/HigherTaxon/HigherTaxonName with HigherTaxa/HigherTaxon/HigherTaxonRank = regnum
http://rs.tdwg.org/dwc/terms/phylum,"Examples: ""Chordata"" (phylum), ""Bryophyta"" (division)",http://rs.tdwg.org/dwc/terms/Taxon,DataSets/DataSet/Units/Unit/Identifications/Identification/TaxonIdentified/HigherTaxa/HigherTaxon/HigherTaxonName with HigherTaxa/HigherTaxon/HigherTaxonRank = phylum
http://rs.tdwg.org/dwc/terms/class,"Examples: ""Mammalia"", ""Hepaticopsida""",http://rs.tdwg.org/dwc/terms/Taxon,DataSets/DataSet/Units/Unit/Identifications/Identification/TaxonIdentified/HigherTaxa/HigherTaxon/HigherTaxonName with HigherTaxa/HigherTaxon/HigherTaxonRank = classis
http://rs.tdwg.org/dwc/terms/order,"Examples: ""Carnivora"", ""Monocleales""",http://rs.tdwg.org/dwc/terms/Taxon,DataSets/DataSet/Units/Unit/Identifications/Identification/TaxonIdentified/HigherTaxa/HigherTaxon/HigherTaxonName with HigherTaxa/HigherTaxon/HigherTaxonRank = ordo
http://rs.tdwg.org/dwc/terms/family,"Examples: ""Felidae"", ""Monocleaceae""",http://rs.tdwg.org/dwc/terms/Taxon,DataSets/DataSet/Units/Unit/Identifications/Identification/TaxonIdentified/HigherTaxa/HigherTaxon/HigherTaxonName with HigherTaxa/HigherTaxon/HigherTaxonRank = familia
http://rs.tdwg.org/dwc/terms/genus,"Examples: ""Puma"", ""Monoclea""",http://rs.tdwg.org/dwc/terms/Taxon,{DataSets/DataSet/Units/Unit/Identifications/Identification/TaxonIdentified/ScientificName/NameAtomised/Bacterial/GenusOrMonomial or DataSets/DataSet/Units/Unit/Identifications/Identification/TaxonIdentified/ScientificName/NameAtomised/Botanical/GenusOrMonomial or DataSets/DataSet/Units/Unit/Identifications/Identification/TaxonIdentified/ScientificName/NameAtomised/Viral/GenusOrMonomial or DataSets/DataSet/Units/Unit/Identifications/Identification/TaxonIdentified/ScientificName/NameAtomised/Zoological/GenusOrMonomial}
http://rs.tdwg.org/dwc/terms/subgenus,"Examples: ""Strobus (Pinus)"", ""Puma (Puma)"" ""Loligo (Amerigo)"", ""Hieracium subgen. Pilosella""",http://rs.tdwg.org/dwc/terms/Taxon,DataSets/DataSet/Units/Unit/Identifications/Identification/TaxonIdentified/ScientificName/NameAtomised/Zoological/Subgenus
http://rs.tdwg.org/dwc/terms/infraspecificEpithet,"Examples: ""concolor"", ""oxyadenia"", ""sayi""",http://rs.tdwg.org/dwc/terms/Taxon,{DataSets/DataSet/Units/Unit/Identifications/Identification/TaxonIdentified/ScientificName/NameAtomised/Bacterial/SubspeciesEpithet or DataSets/DataSet/Units/Unit/Identifications/Identification/TaxonIdentified/ScientificName/NameAtomised/Botanical/SecondEpithet or DataSets/DataSet/Units/Unit/Identifications/Identification/TaxonIdentified/ScientificName/NameAtomised/Zoological/SubspeciesEpithet}
http://rs.tdwg.org/dwc/terms/specificEpithet,"Examples: ""concolor"", ""gottschei""",http://rs.tdwg.org/dwc/terms/Taxon,{DataSets/DataSet/Units/Unit/Identifications/Identification/TaxonIdentified/ScientificName/NameAtomised/Bacterial/SpeciesEpithet or DataSets/DataSet/Units/Unit/Identifications/Identification/TaxonIdentified/ScientificName/NameAtomised/Botanical/FirstEpithet or DataSets/DataSet/Units/Unit/Identifications/Identification/TaxonIdentified/ScientificName/NameAtomised/Zoological/SpeciesEpithet}
http://rs.tdwg.org/dwc/terms/taxonRank,"Examples: ""subspecies"", ""varietas"", ""forma"", ""species"", ""genus""",http://rs.tdwg.org/dwc/terms/Taxon,DataSets/DataSet/Units/Unit/Identifications/Identification/TaxonIdentified/ScientificName/NameAtomised/Botanical/Rank
http://rs.tdwg.org/dwc/terms/verbatimTaxonRank,"Examples: ""Agamospecies"", ""sub-lesus"", ""prole"", ""apomict"", ""nothogrex"", ""sp."", ""subsp."", ""var.""",http://rs.tdwg.org/dwc/terms/Taxon,not in ABCD
http://rs.tdwg.org/dwc/terms/scientificNameAuthorship,"Example: ""(Torr.) J.T. Howell"", ""(Martinovský) Tzvelev"", ""(Györfi, 1952)""",http://rs.tdwg.org/dwc/terms/Taxon,{DataSets/DataSet/Units/Unit/Identifications/Identification/TaxonIdentified/ScientificName/NameAtomised/Bacterial/ParentheticalAuthorTeamAndYear + DataSets/DataSet/Units/Unit/Identifications/Identification/TaxonIdentified/ScientificName/NameAtomised/Bacterial/AuthorTeamAndYear} or {DataSets/DataSet/Units/Unit/Identifications/Identification/TaxonIdentified/ScientificName/NameAtomised/Botanical/AuthorTeamParenthesis + DataSets/DataSet/Units/Unit/Identifications/Identification/TaxonIdentified/ScientificName/NameAtomised/Botanical/AuthorTeam} or {DataSets/DataSet/Units/Unit/Identifications/Identification/TaxonIdentified/ScientificName/NameAtomised/Zoological/AuthorTeamOriginalAndYear + [= or] DataSets/DataSet/Units/Unit/Identifications/Identification/TaxonIdentified/ScientificName/NameAtomised/Zoological/AuthorTeamParenthesisAndYear}
http://rs.tdwg.org/dwc/terms/vernacularName,"Examples: ""Andean Condor"", ""Condor Andino"", ""American Eagle"", ""Gänsegeier""",http://rs.tdwg.org/dwc/terms/Taxon,not in ABCD
http://rs.tdwg.org/dwc/terms/nomenclaturalCode,"Examples: ""ICBN"", ""ICZN"", ""BC"", ""ICNCP"", ""BioCode"", ""ICZN; ICBN""",http://rs.tdwg.org/dwc/terms/Taxon,DataSets/DataSet/Units/Unit/Identifications/Identification/TaxonIdentified/Code
http://rs.tdwg.org/dwc/terms/taxonomicStatus,"Examples: ""invalid"", ""misapplied"", ""homotypic synonym"", ""accepted""",http://rs.tdwg.org/dwc/terms/Taxon,not in ABCD
http://rs.tdwg.org/dwc/terms/nomenclaturalStatus,"Examples: ""nom. ambig."", ""nom. illeg."", ""nom. subnud.""",http://rs.tdwg.org/dwc/terms/Taxon,(DataSets/DataSet/Units/Unit/SpecimenUnit/NomenclaturalTypeDesignations/NomenclaturalTypeDesignation/NomenclaturalReference/TitleCitation) pro parte
http://rs.tdwg.org/dwc/terms/taxonRemarks,"Example: ""this name is a misspelling in common use""",http://rs.tdwg.org/dwc/terms/Taxon,not in ABCD
http://rs.tdwg.org/dwc/terms/MeasurementOrFact,"Resources can be thought of as identifiable records or instances of classes and may include, but need not be limited to Occurrences, Organisms, MaterialSamples, Events, Locations, GeologicalContexts, Identifications, or Taxa. Examples: The weight of an organism in grams. The number of placental scars.",,Datasets/Dataset/Units/Unit/MeasurementsOrFacts or DataSets/DataSet/Units/Unit/Gathering/SiteMeasurementsOrFacts
http://rs.tdwg.org/dwc/terms/measurementID,,http://rs.tdwg.org/dwc/terms/MeasurementOrFact,not in ABCD
http://rs.tdwg.org/dwc/terms/measurementType,"Examples: ""tail length"", ""temperature"", ""trap line length"", ""survey area"", ""trap type""",http://rs.tdwg.org/dwc/terms/MeasurementOrFact,DataSets/DataSet/Units/Unit/MeasurementsOrFacts/MeasurementOrFact/MeasurementOrFactAtomised/Parameter or DataSets/DataSet/Units/Unit/Gathering/SiteMeasurementsOrFacts/MeasurementOrFact/MeasurementOrFactAtomised/Parameter
http://rs.tdwg.org/dwc/terms/measurementValue,"Examples: ""45"", ""20"", ""1"", ""14.5"", ""UV-light""",http://rs.tdwg.org/dwc/terms/MeasurementOrFact,DataSets/DataSet/Units/Unit/MeasurementsOrFacts/MeasurementOrFact/MeasurementOrFactAtomised/LowerValue or DataSets/DataSet/Units/Unit/MeasurementsOrFacts/MeasurementOrFact/MeasurementOrFactAtomised/UpperValue or DataSets/DataSet/Units/Unit/Gathering/SiteMeasurementsOrFacts/SiteMeasurementOrFact/MeasurementOrFactAtomised/LowerValue or DataSets/DataSet/Units/Unit/Gathering/SiteMeasurementsOrFacts/SiteMeasurementOrFact/MeasurementOrFactAtomised/UpperValue or DataSets/DataSet/Units/Unit/Gathering/Altitude/MeasurementOrFactAtomised/LowerValue or DataSets/DataSet/Units/Unit/Gathering/Altitude/MeasurementOrFactAtomised/UpperValue or DataSets/DataSet/Units/Unit/Gathering/Depth/MeasurementOrFactAtomised/LowerValue or DataSets/DataSet/Units/Unit/Gathering/Depth/MeasurementOrFactAtomised/UpperValue or DataSets/DataSet/Units/Unit/Gathering/Biotope/MeasurementsOrFacts/MeasurementOrFactAtomised/LowerValue or DataSets/DataSet/Units/Unit/Gathering/Biotope/MeasurementsOrFacts/MeasurementOrFactAtomised/UpperValue or DataSets/DataSet/Units/Unit/Gathering/Height/MeasurementOrFactAtomised/LowerValue or DataSets/DataSet/Units/Unit/Gathering/Height/MeasurementOrFactAtomised/UpperValue
http://rs.tdwg.org/dwc/terms/measurementAccuracy,"Examples: ""0.01"", ""normal distribution with variation of 2 m""",http://rs.tdwg.org/dwc/terms/MeasurementOrFact,DataSets/DataSet/Units/Unit/MeasurementsOrFacts/MeasurementOrFact/MeasurementOrFactAtomised/Accuracy or DataSet/Units/Unit/Gathering/SiteMeasurementsOrFacts/SiteMeasurementOrFact/MeasurementOrFactAtomised/Accuracy or DataSets/DataSet/Units/Unit/Gathering/Aspect/Accuracy or DataSets/DataSet/Units/Unit/Gathering/Altitude/MeasurementOrFactAtomised/Accuracy or DataSets/DataSet/Units/Unit/Gathering/Depth/MeasurementOrFactAtomised/Accuracy or DataSets/DataSet/Units/Unit/Gathering/Biotope/MeasurementsOrFacts/MeasurementOrFactAtomised/Accuracy or DataSets/DataSet/Units/Unit/MeasurementsOrFacts/MeasurementOrFact/MeasurementOrFactAtomised/Accuracy
http://rs.tdwg.org/dwc/terms/measurementUnit,"Examples: ""mm"", ""C"", ""km"", ""ha""",http://rs.tdwg.org/dwc/terms/MeasurementOrFact,DataSets/DataSet/Units/Unit/Gathering/SiteMeasurementsOrFacts/MeasurementOrFact/MeasurementOrFactAtomised/UnitOfMeasurement or DataSets/DataSet/Units/Unit/Gathering/SiteMeasurementsOrFacts/MeasurementOrFact/MeasurementOrFactAtomised/UnitOfMeasurement
http://rs.tdwg.org/dwc/terms/measurementDeterminedBy,"The recommended best practice is to separate the values with a vertical bar (' | '). Examples: ""Rob Guralnick"", ""Julie Woodruff | Eileen Lacey"".",http://rs.tdwg.org/dwc/terms/MeasurementOrFact,DataSets/DataSet/Units/Unit/MeasurementsOrFacts/MeasurementOrFact/MeasurementOrFactAtomised/MeasuredBy or DataSets/DataSet/Units/Unit/Gathering/Altitude/MeasurementOrFactAtomised/MeasuredBy or DataSets/DataSet/Units/Unit/Gathering/Depth/MeasurementOrFactAtomised/MeasuredBy or DataSets/DataSet/Units/Unit/Gathering/Height/MeasurementOrFactAtomised/MeasuredBy or DataSets/DataSet/Units/Unit/Gathering/SiteMeasurementsOrFacts/SiteMeasurementOrFact/MeasurementOrFactAtomised/MeasuredBy or DataSets/DataSet/Units/Unit/Gathering/Biotope/MeasurementsOrFacts/MeasurementOrFactAtomised/MeasuredBy
http://rs.tdwg.org/dwc/terms/measurementDeterminedDate,"Examples: ""1963-03-08T14:07-0600"" is 8 Mar 1963 2:07pm in the time zone six hours earlier than UTC, ""2009-02-20T08:40Z"" is 20 Feb 2009 8:40am UTC, ""1809-02-12"" is 12 Feb 1809, ""1906-06"" is Jun 1906, ""1971"" is just that year, ""2007-03-01T13:00:00Z/2008-05-11T15:30:00Z"" is the interval between 1 Mar 2007 1pm UTC and 11 May 2008 3:30pm UTC, ""2007-11-13/15"" is the interval between 13 Nov 2007 and 15 Nov 2007.",http://rs.tdwg.org/dwc/terms/MeasurementOrFact,DataSets/DataSet/Units/Unit/MeasurementsOrFacts/MeasurementOrFact/MeasurementOrFactAtomised/MeasurementDateTime or DataSets/DataSet/Units/Unit/Gathering/Altitude/MeasurementOrFactAtomised/MeasurementDateTime or DataSets/DataSet/Units/Unit/Gathering/Depth/MeasurementOrFactAtomised/MeasurementDateTime or DataSets/DataSet/Units/Unit/Gathering/Height/MeasurementOrFactAtomised/MeasurementDateTime or DataSets/DataSet/Units/Unit/Gathering/SiteMeasurementsOrFacts/SiteMeasurementOrFact/MeasurementOrFactAtomised/MeasurementDateTime or DataSets/DataSet/Units/Unit/Gathering/Biotope/MeasurementsOrFacts/MeasurementOrFactAtomised/MeasurementDateTime
http://rs.tdwg.org/dwc/terms/measurementMethod,"Examples: ""minimum convex polygon around burrow entrances"" for a home range area, ""barometric altimeter"" for an elevation",http://rs.tdwg.org/dwc/terms/MeasurementOrFact,/DataSets/DataSet/Units/Unit/MeasurementsOrFacts/MeasurementOrFact/MeasurementOrFactAtomised/Method or /DataSets/DataSet/Units/Unit/Gathering/Biotope/MeasurementsOrFacts/MeasurementOrFactAtomised/Method or /DataSets/DataSet/Units/Unit/Gathering/SiteMeasurementsOrFacts/SiteMeasurementOrFact/MeasurementOrFactAtomised/Method
http://rs.tdwg.org/dwc/terms/measurementRemarks,"Example: ""tip of tail missing""",http://rs.tdwg.org/dwc/terms/MeasurementOrFact,not in ABCD
http://rs.tdwg.org/dwc/terms/ResourceRelationship,"Resources can be thought of as identifiable records or instances of classes and may include, but need not be limited to Occurrences, Organisms, MaterialSamples, Events, Locations, GeologicalContexts, Identifications, or Taxa. Example: An instance of an Organism is the mother of another instance of an Organism.",,DataSets/DataSet/Units/Unit/Associations
http://rs.tdwg.org/dwc/terms/resourceRelationshipID,,http://rs.tdwg.org/dwc/terms/ResourceRelationship,not in ABCD
http://rs.tdwg.org/dwc/terms/resourceID,,http://rs.tdwg.org/dwc/terms/ResourceRelationship,not in ABCD
http://rs.tdwg.org/dwc/terms/relatedResourceID,,http://rs.tdwg.org/dwc/terms/ResourceRelationship,DataSets/DataSet/Units/Unit/Associations/UnitAssociation/AssociatedUnitSourceInstitutionCode + DataSets/DataSet/Units/Unit/Associations/UnitAssociation/AssociatedUnitSourceName + DataSets/DataSet/Units/Unit/Associations/UnitAssociation/AssociatedUnitID
http://rs.tdwg.org/dwc/terms/relationshipOfResource,"Examples: ""duplicate of"", ""mother of"", ""endoparasite of"", ""host to"", ""sibling of"", ""valid synonym of"", ""located within""",http://rs.tdwg.org/dwc/terms/ResourceRelationship,DataSets/DataSet/Units/Unit/Associations/UnitAssociation/AssociationType
http://rs.tdwg.org/dwc/terms/relationshipAccordingTo,"Example: ""Julie Woodruff""",http://rs.tdwg.org/dwc/terms/ResourceRelationship,not in ABCD
http://rs.tdwg.org/dwc/terms/relationshipEstablishedDate,"Examples: ""1963-03-08T14:07-0600"" is 8 Mar 1963 2:07pm in the time zone six hours earlier than UTC, ""2009-02-20T08:40Z"" is 20 Feb 2009 8:40am UTC, ""1809-02-12"" is 12 Feb 1809, ""1906-06"" is Jun 1906, ""1971"" is just that year, ""2007-03-01T13:00:00Z/2008-05-11T15:30:00Z"" is the interval between 1 Mar 2007 1pm UTC and 11 May 2008 3:30pm UTC, ""2007-11-13/15"" is the interval between 13 Nov 2007 and 15 Nov 2007.",http://rs.tdwg.org/dwc/terms/ResourceRelationship,not in ABCD
http://rs.tdwg.org/dwc/terms/relationshipRemarks,"Examples: ""mother and offspring collected from the same nest"", ""pollinator captured in the act""",http://rs.tdwg.org/dwc/terms/ResourceRelationship,DataSets/DataSet/Units/Unit/Associations/UnitAssociation/Comments
http://rs.tdwg.org/dwc/iri/inDescribedPlace,"A ""convenience property"" that replaces Darwin Core literal-value terms related to locations. See Section 2.7.5 of the Darwin Core RDF Guide for details.",http://rs.tdwg.org/dwc/terms/attributes/UseWithIri,not in ABCD
http://rs.tdwg.org/dwc/iri/identifiedBy,,http://rs.tdwg.org/dwc/terms/attributes/UseWithIri,not in ABCD
http://rs.tdwg.org/dwc/iri/recordedBy,,http://rs.tdwg.org/dwc/terms/attributes/UseWithIri,not in ABCD
http://rs.tdwg.org/dwc/iri/toTaxon,"A ""convenience property"" that replaces Darwin Core literal-value terms related to taxonomic entities. See Section 2.7.4 of the Darwin Core RDF Guide for details.",http://rs.tdwg.org/dwc/terms/attributes/UseWithIri,not in ABCD
http://rs.tdwg.org/dwc/iri/inCollection,"A ""convenience property"" that replaces literal-value terms related to collections and institutions. See Section 2.7.3 of the Darwin Core RDF Guide for details.",http://rs.tdwg.org/dwc/terms/attributes/UseWithIri,not in ABCD
http://rs.tdwg.org/dwc/iri/georeferencedBy,,http://rs.tdwg.org/dwc/terms/attributes/UseWithIri,not in ABCD
http://rs.tdwg.org/dwc/iri/behavior,,http://rs.tdwg.org/dwc/terms/attributes/UseWithIri,not in ABCD
http://rs.tdwg.org/dwc/iri/dataGeneralizations,,http://rs.tdwg.org/dwc/terms/attributes/UseWithIri,not in ABCD
http://rs.tdwg.org/dwc/iri/disposition,,http://rs.tdwg.org/dwc/terms/attributes/UseWithIri,not in ABCD
http://rs.tdwg.org/dwc/iri/earliestGeochronologicalEra,"A ""convenience property"" that replaces Darwin Core literal-value terms related to geological context. See Section 2.7.6 of the Darwin Core RDF Guide for details.",http://rs.tdwg.org/dwc/terms/attributes/UseWithIri,not in ABCD
http://rs.tdwg.org/dwc/iri/establishmentMeans,,http://rs.tdwg.org/dwc/terms/attributes/UseWithIri,not in ABCD
http://rs.tdwg.org/dwc/iri/fieldNotes,The subject is a dwc:Event instance and the object is a (possibly IRI-identified) resource that is the field notes.,http://rs.tdwg.org/dwc/terms/attributes/UseWithIri,not in ABCD
http://rs.tdwg.org/dwc/iri/fieldNumber,The subject is a (possibly IRI-identified) resource that is the field notes and the object is a dwc:Event instance.,http://rs.tdwg.org/dwc/terms/attributes/UseWithIri,not in ABCD
http://rs.tdwg.org/dwc/iri/footprintSRS,,http://rs.tdwg.org/dwc/terms/attributes/UseWithIri,not in ABCD
http://rs.tdwg.org/dwc/iri/footprintWKT,,http://rs.tdwg.org/dwc/terms/attributes/UseWithIri,not in ABCD
http://rs.tdwg.org/dwc/iri/fromLithostratigraphicUnit,"A ""convenience property"" that replaces Darwin Core literal-value terms related to geological context. See Section 2.7.7 of the Darwin Core RDF Guide for details.",http://rs.tdwg.org/dwc/terms/attributes/UseWithIri,not in ABCD
http://rs.tdwg.org/dwc/iri/geodeticDatum,,http://rs.tdwg.org/dwc/terms/attributes/UseWithIri,not in ABCD
http://rs.tdwg.org/dwc/iri/georeferenceProtocol,,http://rs.tdwg.org/dwc/terms/attributes/UseWithIri,not in ABCD
http://rs.tdwg.org/dwc/iri/georeferenceSources,,http://rs.tdwg.org/dwc/terms/attributes/UseWithIri,not in ABCD
http://rs.tdwg.org/dwc/iri/georeferenceVerificationStatus,,http://rs.tdwg.org/dwc/terms/attributes/UseWithIri,not in ABCD
http://rs.tdwg.org/dwc/iri/habitat,,http://rs.tdwg.org/dwc/terms/attributes/UseWithIri,not in ABCD
http://rs.tdwg.org/dwc/iri/identificationQualifier,,http://rs.tdwg.org/dwc/terms/attributes/UseWithIri,not in ABCD
http://rs.tdwg.org/dwc/iri/identificationVerificationStatus,,http://rs.tdwg.org/dwc/terms/attributes/UseWithIri,not in ABCD
http://rs.tdwg.org/dwc/iri/inDataset,A string literal name of the dataset can be provided using the term dwc:datasetName. See the Darwin Core RDF Guide for details.,http://rs.tdwg.org/dwc/terms/attributes/UseWithIri,not in ABCD
http://rs.tdwg.org/dwc/iri/informationWithheld,,http://rs.tdwg.org/dwc/terms/attributes/UseWithIri,not in ABCD
http://rs.tdwg.org/dwc/iri/latestGeochronologicalEra,"A ""convenience property"" that replaces Darwin Core literal-value terms related to geological context. See Section 2.7.6 of the Darwin Core RDF Guide for details.",http://rs.tdwg.org/dwc/terms/attributes/UseWithIri,not in ABCD
http://rs.tdwg.org/dwc/iri/lifeStage,,http://rs.tdwg.org/dwc/terms/attributes/UseWithIri,not in ABCD
http://rs.tdwg.org/dwc/iri/locationAccordingTo,,http://rs.tdwg.org/dwc/terms/attributes/UseWithIri,not in ABCD
http://rs.tdwg.org/dwc/iri/measurementDeterminedBy,,http://rs.tdwg.org/dwc/terms/attributes/UseWithIri,not in ABCD
http://rs.tdwg.org/dwc/iri/measurementMethod,,http://rs.tdwg.org/dwc/terms/attributes/UseWithIri,not in ABCD
http://rs.tdwg.org/dwc/iri/measurementType,,http://rs.tdwg.org/dwc/terms/attributes/UseWithIri,not in ABCD
http://rs.tdwg.org/dwc/iri/measurementUnit,,http://rs.tdwg.org/dwc/terms/attributes/UseWithIri,not in ABCD
http://rs.tdwg.org/dwc/iri/occurrenceStatus,,http://rs.tdwg.org/dwc/terms/attributes/UseWithIri,not in ABCD
http://rs.tdwg.org/dwc/iri/organismQuantityType,An organismQuantityType must have a corresponding organismQuantity.,http://rs.tdwg.org/dwc/terms/attributes/UseWithIri,not in ABCD
http://rs.tdwg.org/dwc/iri/preparations,,http://rs.tdwg.org/dwc/terms/attributes/UseWithIri,not in ABCD
http://rs.tdwg.org/dwc/iri/recordNumber,The subject is an occurrence and and the object is a (possibly IRI-identified) resource that is the field notes.,http://rs.tdwg.org/dwc/terms/attributes/UseWithIri,not in ABCD
http://rs.tdwg.org/dwc/iri/reproductiveCondition,,http://rs.tdwg.org/dwc/terms/attributes/UseWithIri,not in ABCD
http://rs.tdwg.org/dwc/iri/sampleSizeUnit,"A sampleSizeUnit must have a corresponding sampleSizeValue. Recommended best practice is to use a controlled vocabulary such as the Ontology of Units of Measure http://www.wurvoc.org/vocabularies/om-1.8/ of SI units, derived units, or other non-SI units accepted for use within the SI (e.g., minute, hour, day, litre).",http://rs.tdwg.org/dwc/terms/attributes/UseWithIri,not in ABCD
http://rs.tdwg.org/dwc/iri/samplingProtocol,,http://rs.tdwg.org/dwc/terms/attributes/UseWithIri,not in ABCD
http://rs.tdwg.org/dwc/iri/sex,,http://rs.tdwg.org/dwc/terms/attributes/UseWithIri,not in ABCD
http://rs.tdwg.org/dwc/iri/typeStatus,,http://rs.tdwg.org/dwc/terms/attributes/UseWithIri,not in ABCD
http://rs.tdwg.org/dwc/iri/verbatimCoordinateSystem,,http://rs.tdwg.org/dwc/terms/attributes/UseWithIri,not in ABCD
http://rs.tdwg.org/dwc/iri/verbatimSRS,,http://rs.tdwg.org/dwc/terms/attributes/UseWithIri,not in ABCD